Workbook

Sheet 1 - Misure in laboratorio
C1: da misurare in laboratorio
A2: Grandezza | B2: Descrizione grandezza | C2: valori misurati (Ω , F, V, s) | D2: dati sulla portata: RFS (Ω), CFS (F), kV (V/div), kt (s/div)
A3: R | B3: valore della resistenza misurata con multimetro | C3: 99.61 | D3: =500 -> 500
A4: C | B4: valore della capacità misurata con multimetro | C4: =46.61*10^-9 -> 4.661e-08 | D4: =100*10^-9 -> 1e-07
A5: tr | B5: tempo di salita segnale canale 2 | C5: =15.86*10^-6 -> 1.586e-05 | D5: =20*10^-6 -> 2e-05
A6: f | B6: frequenza impostata sul generatore | C6: 100000
A7: Vpp1 | B7: tensione picco-picco del segnale canale 1 | C7: 1.379 | D7: =200*10^-3 -> 0.2
A8: Vpp2 | B8: tensione picco-picco del segnale canale 2 | C8: 0.4415 | D8: =100*10^-3 -> 0.1
A9: T | B9: periodo misurato dall'oscilloscopio | C9: =9.997*10^-6 -> 9.997e-06 | D9: =2*10^-6 -> 2e-06
A10: dt | B10: sfasamento temporale | C10: =-1.95*10^-6 -> -1.95e-06 | D10: =500*10^-9 -> 5e-07
A12: Grandezza | B12: Descrizione grandezza | C12: valori (Hz)
A13: fc1 | B13: frequenza di taglio teorica nella misura di risposta al gradino | C13: =1/(2*PI()*B23*B24) -> 22575.169
A14: fc | B14: frequenza di taglio teorica nella misura di FRF single-tone | C14: =1/(2*PI()*B22*B24) -> 33862.754
A16: Nelle caselle bisogna inserire solo numeri, senza unità di misura.
A17: Tutti i valori devono essere espressi nelle unità di misura del SI senza prefissi. Ad esempio: per tr = 1ms riportare t = 0,000001, oppure t = 1e-6
A18: La portata deve essere in unità SI (ohm per la misura di R, farad per la misura di C); per le misure con oscilloscopio riportare l'impostazione di V/div o di s/div.
A20: Grandezze | B20: valori teorici
A21: Rgen | B21: 50
A22: R | B22: 100
A23: R1 | B23: =B21+B22 -> 150
A24: C | B24: =47*10^-9 -> 4.7e-08

Sheet 2 - Incertezza misure R e C
D1: da specifiche multimetro | G1: budget incertezza | I1: Incertezza totale
A2: Grandezza | B2: Valore R, C (Ω, F) | C2: Portata RFS, CFS (Ω, F) | D2: incertezza relativa di guadagno percentuale Ur_G_pc (%) | E2: incertezza di nonlinearità in unità LSB U_nl_LSB (LSB) | F2: LSB Q (Ω, F) | G2: Incertezza di guadagno U_G (Ω, F) | H2: Incertezza di nonlinearità U_nl (Ω, F) | I2: Incertezza totale U (Ω, F) | J2: Incertezza relativa percentuale Ur_pc (%) | K2: Incertezza relativa Ur (adim)
A3: ='1 - Misure in laboratorio'!A3 -> R | B3: ='1 - Misure in laboratorio'!C3 -> 99.61 | C3: ='1 - Misure in laboratorio'!D3 -> 500 | D3: =0.05 -> 0.05 | E3: 10 | F3: =0.01 -> 0.01 | G3: =D3/100*ABS(B3) -> 0.049805 | H3: =E3*F3 -> 0.1 | I3: =G3+H3 -> 0.149805 | J3: =K3*100 -> 0.15039153 | K3: =I3/ABS(B3) -> 0.0015039153
A4: ='1 - Misure in laboratorio'!A4 -> C | B4: ='1 - Misure in laboratorio'!C4 -> 4.661e-08 | C4: ='1 - Misure in laboratorio'!D4 -> 1e-07 | D4: 1 | E4: 5 | F4: =0.01*10^-9 -> 1e-11 | G4: =D4/100*ABS(B4) -> 4.661e-10 | H4: =E4*F4 -> 5e-11 | I4: =G4+H4 -> 5.161e-10 | J4: =K4*100 -> 1.1072731 | K4: =I4/ABS(B4) -> 0.011072731

Sheet 3 - Incertezza misure tensione
D1: da specifiche Oscilloscopio | G1: da calcolare | J1: budget incertezza | M1: incertezza
A2: grandezza | B2: valore (V) | C2: sensibilità verticale kV (V/div) | D2: numero passi di quantizzazione M (adim) | E2: incertezza relativa di guadagno percentuale Ur_G_pc (%) | F2: incertezza di nonlinearità in % di FS U_nl_pcFS (% VFS) | G2: range VFS (V) | H2: incertezza di quantizzazione U_q (V) | I2: incertezza di nonlin. integrale U_inl (V) | J2: contributo Ur_G Ua (V) | K2: contributo U_inl Ub (V) | L2: contributo U_q Uc (V) | M2: incertezza totale U (V) | N2: incertezza relativa percentuale Ur_pc (%) | O2: Incertezza relativa Ur (adim)
A3: ='1 - Misure in laboratorio'!A7 -> Vpp1 | B3: ='1 - Misure in laboratorio'!C7 -> 1.379 | C3: ='1 - Misure in laboratorio'!D7 -> 0.2 | D3: 256 | E3: 3 | F3: 0.25 | G3: =C3*8 -> 1.6 | H3: =G3/D3/2 -> 0.003125 | I3: =F3/100*G3-H3 -> 0.000875 | J3: =E3/100*ABS(B3) -> 0.04137 | K3: =2*I3 -> 0.00175 | L3: =2*H3 -> 0.00625 | M3: =J3+K3+L3 -> 0.04937 | N3: =O3*100 -> 3.5801305 | O3: =M3/ABS(B3) -> 0.035801305
A4: ='1 - Misure in laboratorio'!A8 -> Vpp2 | B4: ='1 - Misure in laboratorio'!C8 -> 0.4415 | C4: ='1 - Misure in laboratorio'!D8 -> 0.1 | D4: 256 | E4: 3 | F4: 0.25 | G4: =C4*8 -> 0.8 | H4: =G4/D4/2 -> 0.0015625 | I4: =F4/100*G4-H4 -> 0.0004375 | J4: =E4/100*ABS(B4) -> 0.013245 | K4: =2*I4 -> 0.000875 | L4: =2*H4 -> 0.003125 | M4: =J4+K4+L4 -> 0.017245 | N4: =O4*100 -> 3.9060023 | O4: =M4/ABS(B4) -> 0.039060023

Sheet 4 - Incertezza misure tempo
D1: da specifiche Oscilloscopio | H1: da calcolare | J1: Budget di incertezza | N1: incertezza
A2: grandezza | B2: valore (s) | C2: velocità di sweep kt (s/div) | D2: numero passi di quantizzazione M (adim) | E2: incertezza relativa di guadagno in ppm Ur_G_ppm (ppm) | F2: incertezza di nonlinearità integrale U_inl (s) | G2: incertezza da inte-channel skew U_skew (s) | H2: Portata tFS (s) | I2: Incertezza di quantizzazione U_q (s) | J2: contributo Ur_G Ua (s) | K2: contributo U_inl Ub (s) | L2: contributo U_q Uc (s) | M2: contributo U_skew Ud (s) | N2: incertezza totale U (s) | O2: ='3 - Incertezza misure tensione'!N2 -> incertezza relativa percentuale Ur_pc (%) | P2: Incertezza relativa Ur (adim)
A3: ='1 - Misure in laboratorio'!A5 -> tr | B3: ='1 - Misure in laboratorio'!C5 -> 1.586e-05 | C3: ='1 - Misure in laboratorio'!D5 -> 2e-05 | D3: 625 | E3: 55 | F3: =100*10^-12 -> 1e-10 | G3: 0 | H3: =C3*10 -> 0.0002 | I3: =H3/D3/2 -> 1.6e-07 | J3: =E3/1000000*ABS(B3) -> 8.723e-10 | K3: =2*F3 -> 2e-10 | L3: =2*I3 -> 3.2e-07 | M3: =G3 -> 0 | N3: =J3+K3+L3+M3 -> 3.210723e-07 | O3: =P3*100 -> 2.0244155 | P3: =N3/ABS(B3) -> 0.020244155
A4: ='1 - Misure in laboratorio'!A9 -> T | B4: ='1 - Misure in laboratorio'!C9 -> 9.997e-06 | C4: ='1 - Misure in laboratorio'!D9 -> 2e-06 | D4: 625 | E4: 55 | F4: =100*10^-12 -> 1e-10 | G4: 0 | H4: =C4*10 -> 2e-05 | I4: =H4/D4/2 -> 1.6e-08 | J4: =E4/1000000*ABS(B4) -> 5.49835e-10 | K4: =2*F4 -> 2e-10 | L4: =2*I4 -> 3.2e-08 | M4: =G4 -> 0 | N4: =J4+K4+L4+M4 -> 3.2749835e-08 | O4: =P4*100 -> 0.32759663 | P4: =N4/ABS(B4) -> 0.0032759663
A5: dt | B5: ='1 - Misure in laboratorio'!C10 -> -1.95e-06 | C5: ='1 - Misure in laboratorio'!D10 -> 5e-07 | D5: 625 | E5: 55 | F5: =100*10^-12 -> 1e-10 | G5: =0.000000001 -> 1e-09 | H5: =C5*10 -> 5e-06 | I5: =H5/D5/2 -> 4e-09 | J5: =E5/1000000*ABS(B5) -> 1.0725e-10 | K5: =2*F5 -> 2e-10 | L5: =2*I5 -> 8e-09 | M5: =G5 -> 1e-09 | N5: =J5+K5+L5+M5 -> 9.30725e-09 | O5: =P5*100 -> 0.47729487 | P5: =N5/ABS(B5) -> 0.0047729487

Sheet 5 - Incertezza frequenza
C1: da specifiche generatore | E1: budget incertezza | G1: incertezza
A2: Grandezza | B2: Valore (Hz) | C2: incertezza relativa sull'impostazione in ppm Ur_setting_ppm (ppm) | D2: incertezza addizionale U_other (Hz) | E2: contributo Ur_setting Ua (Hz) | F2: contributo U_other Ub (Hz) | G2: Incertezza assoluta U (Hz) | H2: Incertezza relativa in ppm Ur_ppm | I2: Incertezza relativa Ur (adim)
A3: frequenza | B3: ='1 - Misure in laboratorio'!C6 -> 100000 | C3: 1 | D3: =15*10^-12 -> 1.5e-11 | E3: =C3/1000000*ABS(B3) -> 0.1 | F3: =D3 -> 1.5e-11 | G3: =E3+F3 -> 0.1 | H3: =I3*1000000 -> 1 | I3: =G3/ABS(B3) -> 1e-06

Sheet 6 - Incertezza misure indirette
C1: Da calcolare | G1: Incertezze in ingresso | J1: Budget incertezza | M1: Incertezza
A2: Grandezza | B2: Vettore grandezze ingresso | C2: Valore theta (F, adim) | D2: Coefficiente rel di sensibilità 1 cr_1 | E2: Coefficiente rel di sensibilità 2 cr_2 | F2: Coefficiente rel di sensibilità 3 cr_3 | G2: Ur_1 | H2: Ur_2 | I2: Ur_3 | J2: Ur_theta_1 | K2: Ur_theta_2 | L2: Ur_theta_3 | M2: Incertezza relativa Ur_theta (adim) | N2: Incertezza relativa percentuale Ur_theta_pc (%) | O2: Incertezza assoluta U_theta (F, adimensionale)
A3: C_tr | B3: [tr; R,Rgen] | C3: =B9/((B10+B11)*LN(9)) -> 4.8121314e-08 | D3: 1 | E3: =-B10/(B10+B11) -> -0.66666667 | F3: =-B11/(B10+B11) -> -0.33333333 | G3: ='4 - Incertezza misure tempo'!P3 -> 0.020244155 | H3: ='2 - Incertezza misure R e C'!K3 -> 0.0015039153 | I3: =H3 -> 0.0015039153 | J3: =ABS(D3)*G3 -> 0.020244155 | K3: =ABS(E3)*H3 -> 0.0010026102 | L3: =ABS(F3)*I3 -> 0.00050130509 | M3: =J3+K3+L3 -> 0.02174807 | N3: =M3*100 -> 2.174807 | O3: =M3*ABS(C3) -> 1.0465457e-09
A4: H | B4: [Vpp1, Vpp2] | C4: =B13/B12 -> 0.32015954 | D4: -1 | E4: 1 | G4: ='3 - Incertezza misure tensione'!O3 -> 0.035801305 | H4: ='3 - Incertezza misure tensione'!O4 -> 0.039060023 | I4: 0 | J4: =ABS(D4)*G4 -> 0.035801305 | K4: =ABS(E4)*H4 -> 0.039060023 | L4: =ABS(F4)*I4 -> 0 | M4: =J4+K4+L4 -> 0.074861328 | N4: =M4*100 -> 7.4861328 | O4: =M4*ABS(C4) -> 0.023967568
A5: C_H | B5: [H,f,R] | C5: =1/(2*PI()*B10*B14)*SQRT(1-C4^2)/C4 -> 4.7094523e-08 | D5: =1/(C4^2-1) -> -1.1142088 | E5: -1 | F5: -1 | G5: =M4 -> 0.074861328 | H5: ='5 - Incertezza frequenza'!I3 -> 1e-06 | I5: ='2 - Incertezza misure R e C'!K3 -> 0.0015039153 | J5: =ABS(D5)*G5 -> 0.083411148 | K5: =ABS(E5)*H5 -> 1e-06 | L5: =ABS(F5)*I5 -> 0.0015039153 | M5: =J5+K5+L5 -> 0.084916063 | N5: =M5*100 -> 8.4916063 | O5: =M5*ABS(C5) -> 3.9990815e-09
A6: phi_H | B6: [dt,f] | C6: =2*PI()*B15*B14 -> -1.2252211 | D6: 1 | E6: 1 | G6: ='4 - Incertezza misure tempo'!P5 -> 0.0047729487 | H6: ='5 - Incertezza frequenza'!I3 -> 1e-06 | I6: 0 | J6: =ABS(D6)*G6 -> 0.0047729487 | K6: =ABS(E6)*H6 -> 1e-06 | L6: =ABS(F6)*I6 -> 0 | M6: =J6+K6+L6 -> 0.0047739487 | N6: =M6*100 -> 0.47739487 | O6: =M6*ABS(C6) -> 0.0058491429
A7: C_phi | B7: [dt,f,R] | C7: =1/(2*PI()*B10*B14)*TAN(-2*PI()*B15*B14) -> 4.4206986e-08 | D7: =4*PI()*B15*B14/SIN(4*PI()*B15*B14) -> 3.8442894 | E7: =D7-1 -> 2.8442894 | F7: -1 | G7: ='4 - Incertezza misure tempo'!P5 -> 0.0047729487 | H7: ='5 - Incertezza frequenza'!I3 -> 1e-06 | I7: ='2 - Incertezza misure R e C'!K3 -> 0.0015039153 | J7: =ABS(D7)*G7 -> 0.018348596 | K7: =ABS(E7)*H7 -> 2.8442894e-06 | L7: =ABS(F7)*I7 -> 0.0015039153 | M7: =J7+K7+L7 -> 0.019855356 | N7: =M7*100 -> 1.9855356 | O7: =M7*ABS(C7) -> 8.7774543e-10
A9: tr | B9: ='1 - Misure in laboratorio'!C5 -> 1.586e-05
A10: R | B10: ='1 - Misure in laboratorio'!B22 -> 100
A11: Rgen | B11: ='1 - Misure in laboratorio'!B21 -> 50
A12: Vpp1 | B12: ='1 - Misure in laboratorio'!C7 -> 1.379
A13: Vpp2 | B13: ='1 - Misure in laboratorio'!C8 -> 0.4415
A14: f | B14: ='1 - Misure in laboratorio'!C6 -> 100000
A15: dt | B15: ='1 - Misure in laboratorio'!C10 -> -1.95e-06
