Workbook

Sheet Tabella Valori
B2: MISURE DIRETTE CON MULTIMETRO | E2: Da prendere in Laboratorio
B3: Grandezza | C3: Descrizione grandezza | D3: Valore teorico (V oppure Ω) | E3: Valore misurato (V oppure Ω) | F3: Portata (V oppure Ω)
B4: Vm1 | C4: Valore medio segnale 1 | D4: 0 | E4: -0.00178 | F4: 10
B5: Vm2 | C5: Valore medio segnale 2 | D5: 0 | E5: -0.00121 | F5: 10
B6: Vm3 | C6: Valore medio segnale 3 | D6: 0 | E6: -0.00145 | F6: 10
B7: Vm4 | C7: Valore medio segnale 4 | D7: =2*(0.3)-2*(1-0.3) -> -0.8 | E7: -0.80132 | F7: 10
B8: Vm5 | C8: Valore medio segnale 5 | D8: =D7+3 -> 2.2 | E8: 2.20797 | F8: 10
B9: Vm6 | C9: Valore medio segnale 6 | D9: 3 | E9: 3.00754 | F9: 10
B10: VACrms1 | C10: Valore efficace della componente AC del segnale 1 | D10: =2*2^-0.5 -> 1.4142136 | E10: 1.41383 | F10: 10
B11: VACrms2 | C11: Valore efficace della componente AC del segnale 2 | D11: =2*3^-0.5 -> 1.1547005 | E11: 1.15271 | F11: 10
B12: VACrms3 | C12: Valore efficace della componente AC del segnale 3 | D12: =2 -> 2 | E12: 1.99791 | F12: 10
B13: VACrms4 | C13: Valore efficace della componente AC del segnale 4 | D13: =(2^2-D7^2)^0.5 -> 1.8330303 | E13: 1.83075 | F13: 10
B14: VACrms5 | C14: Valore efficace della componente AC del segnale 5 | D14: =D13 -> 1.8330303 | E14: 1.83069 | F14: 10
B15: VACrms6 | C15: Valore efficace della componente AC del segnale 6 | D15: =D10 -> 1.4142136 | E15: 1.41372 | F15: 10
B16: Rgen | C16: Resistenza interna del generatore di segnale | D16: 50 | E16: 49.2317 | F16: 100
B17: R2 | C17: Resistenza con aggiunta di tensione | D17: 80 | E17: 78.6528 | F17: 100
B20: MISURE INDIRETTE
B21: Grandezza | C21: Descrizione grandezza | D21: Valore teorico (V ) | E21: Valore misurato (V )
B22: VDCrms1 | C22: valore efficace inclusa la componente DC, segnale 1 | D22: =(D4^2+D10^2)^0.5 -> 1.4142136 | E22: =(E4^2+E10^2)^0.5 -> 1.4138311
B23: VDCrms2 | C23: valore efficace inclusa la componente DC, segnale 2 | D23: =(D5^2+D11^2)^0.5 -> 1.1547005 | E23: =(E5^2+E11^2)^0.5 -> 1.1527106
B24: VDCrms3 | C24: valore efficace inclusa la componente DC, segnale 3 | D24: =(D6^2+D12^2)^0.5 -> 2 | E24: =(E6^2+E12^2)^0.5 -> 1.9979105
B25: VDCrms4 | C25: valore efficace inclusa la componente DC, segnale 4 | D25: =(D7^2+D13^2)^0.5 -> 2 | E25: =(E7^2+E13^2)^0.5 -> 1.9984392
B26: VDCrms5 | C26: valore efficace inclusa la componente DC, segnale 5 | D26: =(D8^2+D14^2)^0.5 -> 2.8635642 | E26: =(E8^2+E14^2)^0.5 -> 2.8681976
B27: VDCrms6 | C27: valore efficace inclusa la componente DC, segnale 6 | D27: =(D9^2+D15^2)^0.5 -> 3.3166248 | E27: =(E9^2+E15^2)^0.5 -> 3.3232365
B29: DATI PER IL CALCOLO DEL FATTORE DI CRESTA
B30: Grandezza | C30: Descrizione grandezza | D30: Valore teorico (V o adimensionali)
B31: Vmax1 | C31: Tensione di picco segnale 1 | D31: 2
B32: Vmax2 | C32: Tensione di picco segnale 2 | D32: 2
B33: Vmax3 | C33: Tensione di picco segnale 3 | D33: 2
B34: Vmax4 | C34: Tensione di picco segnale 4 | D34: =2-D7 -> 2.8
B35: Vmax5 | C35: Tensione di picco segnale 5 | D35: =D34 -> 2.8
B36: Vmax6 | C36: Tensione di picco segnale 6 | D36: 2
B37: CF1 | C37: Fattore di cresta segnale 1 | D37: =D31/D10 -> 1.4142136
B38: CF2 | C38: Fattore di cresta segnale 2 | D38: =D32/D11 -> 1.7320508
B39: CF3 | C39: Fattore di cresta segnale 3 | D39: =D33/D12 -> 1
B40: CF4 | C40: Fattore di cresta segnale 4 | D40: =D34/D13 -> 1.5275252
B41: CF5 | C41: Fattore di cresta segnale 5 | D41: =D35/D14 -> 1.5275252
B42: CF6 | C42: Fattore di cresta segnale 6 | D42: =D36/D15 -> 1.4142136

Sheet Incertezze misure dirette 1
D1: da specifiche multimetro | F1: da calcolare
A2: Grandezza | B2: Valore (V) | C2: Portata (V) | D2: %reading Ur_read_pc | E2: %range U_range_pcFS | F2: Incertezza "reading" U_read (V) | G2: Incertezza "range" U_range (V) | H2: Incertezza totale U (V) | I2: Incertezza relativa (%) Ur_pc
A3: Vm1 | B3: ='Tabella Valori'!E4 -> -0.00178 | C3: ='Tabella Valori'!F4 -> 10 | D3: 0.0035 | E3: 0.0005 | F3: =D3/100*ABS(B3) -> 6.23e-08 | G3: =E3/100*C3 -> 5e-05 | H3: =F3+G3 -> 5.00623e-05 | I3: =H3/ABS(B3)*100 -> 2.8124888
A4: Vm2 | B4: ='Tabella Valori'!E5 -> -0.00121 | C4: ='Tabella Valori'!F5 -> 10 | D4: 0.0035 | E4: 0.0005 | F4: =D4/100*ABS(B4) -> 4.235e-08 | G4: =E4/100*C4 -> 5e-05 | H4: =F4+G4 -> 5.004235e-05 | I4: =H4/ABS(B4)*100 -> 4.1357314
A5: Vm3 | B5: ='Tabella Valori'!E6 -> -0.00145 | C5: ='Tabella Valori'!F6 -> 10 | D5: 0.0035 | E5: 0.0005 | F5: =D5/100*ABS(B5) -> 5.075e-08 | G5: =E5/100*C5 -> 5e-05 | H5: =F5+G5 -> 5.005075e-05 | I5: =H5/ABS(B5)*100 -> 3.4517759
A6: Vm4 | B6: ='Tabella Valori'!E7 -> -0.80132 | C6: ='Tabella Valori'!F7 -> 10 | D6: 0.0035 | E6: 0.0005 | F6: =D6/100*ABS(B6) -> 2.80462e-05 | G6: =E6/100*C6 -> 5e-05 | H6: =F6+G6 -> 7.80462e-05 | I6: =H6/ABS(B6)*100 -> 0.0097397045
A7: Vm5 | B7: ='Tabella Valori'!E8 -> 2.20797 | C7: ='Tabella Valori'!F8 -> 10 | D7: 0.0035 | E7: 0.0005 | F7: =D7/100*ABS(B7) -> 7.727895e-05 | G7: =E7/100*C7 -> 5e-05 | H7: =F7+G7 -> 0.00012727895 | I7: =H7/ABS(B7)*100 -> 0.0057645235
A8: Vm6 | B8: ='Tabella Valori'!E9 -> 3.00754 | C8: ='Tabella Valori'!F9 -> 10 | D8: 0.0035 | E8: 0.0005 | F8: =D8/100*ABS(B8) -> 0.0001052639 | G8: =E8/100*C8 -> 5e-05 | H8: =F8+G8 -> 0.0001552639 | I8: =H8/ABS(B8)*100 -> 0.0051624883

Sheet Incertezze misure dirette 2
D1: da specifiche multimetro | G1: da calcolare
A2: Grandezza | B2: Valore (V) | C2: Portata (V) | D2: %reading Ur_read_pc | E2: %range U_range_pcFS | F2: CF error %reading Ur_CF_pc | G2: Incertezza "reading" U_read (V) | H2: Incertezza "range" U_range (V) | I2: Incertezza "CF" U_CF (V) | J2: Incertezza "BW" U_BW (V) | K2: Incertezza totale U (V) | L2: Incertezza relativa (%) Ur_pc
A3: VACrms1 | B3: ='Tabella Valori'!E10 -> 1.41383 | C3: ='Tabella Valori'!F10 -> 10 | D3: =0.06 -> 0.06 | E3: 0.03 | F3: 0 | G3: =D3/100*ABS(B3) -> 0.000848298 | H3: =E3/100*C3 -> 0.003 | I3: =F3/100*ABS(B3) -> 0 | J3: =B11^2*D11/(4*PI()*C11) * ABS(B3) -> 0.00033752705 | K3: =SUM(G3:J3) -> 0.004185825 | L3: =K3/ABS(B3)*100 -> 0.29606283
A4: VACrms2 | B4: ='Tabella Valori'!E11 -> 1.15271 | C4: ='Tabella Valori'!F11 -> 10 | D4: =0.06 -> 0.06 | E4: 0.03 | F4: 0.05 | G4: =D4/100*ABS(B4) -> 0.000691626 | H4: =E4/100*C4 -> 0.003 | I4: =F4/100*ABS(B4) -> 0.000576355 | J4: =B12^2*D12/(4*PI()*C12) * ABS(B4) -> 0.00041278386 | K4: =SUM(G4:J4) -> 0.0046807649 | L4: =K4/ABS(B4)*100 -> 0.40606613
A5: VACrms3 | B5: ='Tabella Valori'!E12 -> 1.99791 | C5: ='Tabella Valori'!F12 -> 10 | D5: =0.06 -> 0.06 | E5: 0.03 | F5: 0.05 | G5: =D5/100*ABS(B5) -> 0.001198746 | H5: =E5/100*C5 -> 0.003 | I5: =F5/100*ABS(B5) -> 0.000998955 | J5: =B13^2*D13/(4*PI()*C13) * ABS(B5) -> 0.00023848294 | K5: =SUM(G5:J5) -> 0.0054361839 | L5: =K5/ABS(B5)*100 -> 0.27209353
A6: VACrms4 | B6: ='Tabella Valori'!E13 -> 1.83075 | C6: ='Tabella Valori'!F13 -> 10 | D6: =0.06 -> 0.06 | E6: 0.03 | F6: 0.05 | G6: =D6/100*ABS(B6) -> 0.00109845 | H6: =E6/100*C6 -> 0.003 | I6: =F6/100*ABS(B6) -> 0.000915375 | J6: =B14^2*D14/(4*PI()*C14) * ABS(B6) -> 0.0005099026 | K6: =SUM(G6:J6) -> 0.0055237276 | L6: =K6/ABS(B6)*100 -> 0.30171938
A7: VACrms5 | B7: ='Tabella Valori'!E14 -> 1.83069 | C7: ='Tabella Valori'!F14 -> 10 | D7: =0.06 -> 0.06 | E7: 0.03 | F7: 0.05 | G7: =D7/100*ABS(B7) -> 0.001098414 | H7: =E7/100*C7 -> 0.003 | I7: =F7/100*ABS(B7) -> 0.000915345 | J7: =B15^2*D15/(4*PI()*C15) * ABS(B7) -> 0.00050988588 | K7: =SUM(G7:J7) -> 0.0055236449 | L7: =K7/ABS(B7)*100 -> 0.30172475
A8: VACrms6 | B8: ='Tabella Valori'!E15 -> 1.41372 | C8: ='Tabella Valori'!F15 -> 10 | D8: =0.06 -> 0.06 | E8: 0.03 | F8: 0 | G8: =D8/100*ABS(B8) -> 0.000848232 | H8: =E8/100*C8 -> 0.003 | I8: =F8/100*ABS(B8) -> 0 | J8: =B16^2*D16/(4*PI()*C16) * ABS(B8) -> 0.00033750079 | K8: =SUM(G8:J8) -> 0.0041857328 | L8: =K8/ABS(B8)*100 -> 0.29607934
B10: CF | C10: BW | D10: f
A11: Segnale 1 | B11: ='Tabella Valori'!D37 -> 1.4142136 | C11: =10^6 -> 1000000 | D11: =1.5*10^3 -> 1500
A12: Segnale 2 | B12: ='Tabella Valori'!D38 -> 1.7320508 | C12: =10^6 -> 1000000 | D12: =1.5*10^3 -> 1500
A13: Segnale 3 | B13: ='Tabella Valori'!D39 -> 1 | C13: =10^6 -> 1000000 | D13: =1.5*10^3 -> 1500
A14: Segnale 4 | B14: ='Tabella Valori'!D40 -> 1.5275252 | C14: =10^6 -> 1000000 | D14: =1.5*10^3 -> 1500
A15: Segnale 5 | B15: ='Tabella Valori'!D41 -> 1.5275252 | C15: =10^6 -> 1000000 | D15: =1.5*10^3 -> 1500
A16: Segnale 6 | B16: ='Tabella Valori'!D42 -> 1.4142136 | C16: =10^6 -> 1000000 | D16: =1.5*10^3 -> 1500

Sheet Incertezze misure dirette 3
D1: da specifiche multimetro | F1: da calcolare
A2: Grandezza | B2: Valore (Ω) | C2: Portata (Ω) | D2: %reading Ur_read_pc | E2: %range U_range_pcFS | F2: Incertezza "reading" U_read (W) | G2: Incertezza "range" U_range (W) | H2: Incertezza totale U (W) | I2: Incertezza relativa (%) Ur_pc
A3: Rgen | B3: ='Tabella Valori'!E16 -> 49.2317 | C3: ='Tabella Valori'!F16 -> 100 | D3: 0.01 | E3: 0.004 | F3: =D3/100*ABS(B3) -> 0.00492317 | G3: =E3/100*C3 -> 0.004 | H3: =F3+G3 -> 0.00892317 | I3: =H3/ABS(B3)*100 -> 0.018124846
A4: R2 | B4: ='Tabella Valori'!E17 -> 78.6528 | C4: ='Tabella Valori'!F17 -> 100 | D4: 0.01 | E4: 0.004 | F4: =D4/100*ABS(B4) -> 0.00786528 | G4: =E4/100*C4 -> 0.004 | H4: =F4+G4 -> 0.01186528 | I4: =H4/ABS(B4)*100 -> 0.015085642

Sheet Misure indirette
A1: da calcolare
A2: Grandezza | B2: Valore (V) | C2: c1 | D2: Incertezza U1 (V) | E2: c2 | F2: Incertezza U2 (V) | G2: Incertezza U (V) | H2: Incertezza relativa % Ur_pc
A3: VDCrms1 | B3: ='Tabella Valori'!E22 -> 1.4138311 | C3: =B11/B3 -> -0.0012589905 | D3: ='Incertezze misure dirette 1'!H3 -> 5.00623e-05 | E3: =C11/B3 -> 0.99999921 | F3: ='Incertezze misure dirette 2'!K3 -> 0.004185825 | G3: =ABS(C3)*D3+ABS(E3)*F3 -> 0.0041858848 | H3: =G3/ABS(B3)*100 -> 0.29606681
A4: VDCrms2 | B4: ='Tabella Valori'!E23 -> 1.1527106 | C4: =B12/B4 -> -0.0010496997 | D4: ='Incertezze misure dirette 1'!H4 -> 5.004235e-05 | E4: =C12/B4 -> 0.99999945 | F4: ='Incertezze misure dirette 2'!K4 -> 0.0046807649 | G4: =ABS(C4)*D4+ABS(E4)*F4 -> 0.0046808148 | H4: =G4/ABS(B4)*100 -> 0.40607024
A5: VDCrms3 | B5: ='Tabella Valori'!E24 -> 1.9979105 | C5: =B13/B5 -> -0.00072575823 | D5: ='Incertezze misure dirette 1'!H5 -> 5.005075e-05 | E5: =C13/B5 -> 0.99999974 | F5: ='Incertezze misure dirette 2'!K5 -> 0.0054361839 | G5: =ABS(C5)*D5+ABS(E5)*F5 -> 0.0054362188 | H5: =G5/ABS(B5)*100 -> 0.27209521
A6: VDCrms4 | B6: ='Tabella Valori'!E25 -> 1.9984392 | C6: =B14/B6 -> -0.40097292 | D6: ='Incertezze misure dirette 1'!H6 -> 7.80462e-05 | E6: =C14/B6 -> 0.91608991 | F6: ='Incertezze misure dirette 2'!K6 -> 0.0055237276 | G6: =ABS(C6)*D6+ABS(E6)*F6 -> 0.0050915255 | H6: =G6/ABS(B6)*100 -> 0.2547751
A7: VDCrms5 | B7: ='Tabella Valori'!E26 -> 2.8681976 | C7: =B15/B7 -> 0.76981098 | D7: ='Incertezze misure dirette 1'!H7 -> 0.00012727895 | E7: =C15/B7 -> 0.63827193 | F7: ='Incertezze misure dirette 2'!K7 -> 0.0055236449 | G7: =ABS(C7)*D7+ABS(E7)*F7 -> 0.0036235682 | H7: =G7/ABS(B7)*100 -> 0.12633607
A8: VDCrms6 | B8: ='Tabella Valori'!E27 -> 3.3232365 | C8: =B16/B8 -> 0.90500329 | D8: ='Incertezze misure dirette 1'!H8 -> 0.0001552639 | E8: =C16/B8 -> 0.42540457 | F8: ='Incertezze misure dirette 2'!K8 -> 0.0041857328 | G8: =ABS(C8)*D8+ABS(E8)*F8 -> 0.0019211442 | H8: =G8/ABS(B8)*100 -> 0.057809433
B10: Vm | C10: Vacrms
A11: Segnale 1 | B11: ='Tabella Valori'!E4 -> -0.00178 | C11: ='Tabella Valori'!E10 -> 1.41383
A12: Segnale 2 | B12: ='Tabella Valori'!E5 -> -0.00121 | C12: ='Tabella Valori'!E11 -> 1.15271
A13: Segnale 3 | B13: ='Tabella Valori'!E6 -> -0.00145 | C13: ='Tabella Valori'!E12 -> 1.99791
A14: Segnale 4 | B14: ='Tabella Valori'!E7 -> -0.80132 | C14: ='Tabella Valori'!E13 -> 1.83075
A15: Segnale 5 | B15: ='Tabella Valori'!E8 -> 2.20797 | C15: ='Tabella Valori'!E14 -> 1.83069
A16: Segnale 6 | B16: ='Tabella Valori'!E9 -> 3.00754 | C16: ='Tabella Valori'!E15 -> 1.41372

Sheet Note (eventuali)
B1: Note
A2: Testo nota 1
A3: Testo nota 2
A4: Testo nota 3
